n_trials,empirical_p_signal_given_trigger,analytic_p_signal_given_trigger
100,,0.08676591469540598
105,,0.08676591469540598
110,,0.08676591469540598
116,,0.08676591469540598
122,,0.08676591469540598
128,,0.08676591469540598
134,,0.08676591469540598
141,,0.08676591469540598
148,,0.08676591469540598
156,,0.08676591469540598
164,,0.08676591469540598
172,,0.08676591469540598
181,,0.08676591469540598
190,0.0,0.08676591469540598
200,0.0,0.08676591469540598
210,0.0,0.08676591469540598
221,0.0,0.08676591469540598
233,0.0,0.08676591469540598
244,0.0,0.08676591469540598
257,0.0,0.08676591469540598
270,0.0,0.08676591469540598
284,0.0,0.08676591469540598
298,0.0,0.08676591469540598
314,0.0,0.08676591469540598
330,0.0,0.08676591469540598
347,0.0,0.08676591469540598
364,0.0,0.08676591469540598
383,0.0,0.08676591469540598
402,0.0,0.08676591469540598
423,0.0,0.08676591469540598
445,0.0,0.08676591469540598
467,0.0,0.08676591469540598
491,0.0,0.08676591469540598
516,0.0,0.08676591469540598
543,0.0,0.08676591469540598
570,0.0,0.08676591469540598
599,0.0,0.08676591469540598
630,0.0,0.08676591469540598
662,0.0,0.08676591469540598
696,0.0,0.08676591469540598
732,0.0,0.08676591469540598
769,0.0,0.08676591469540598
808,0.0,0.08676591469540598
849,0.0,0.08676591469540598
893,0.0,0.08676591469540598
938,0.0,0.08676591469540598
986,0.0,0.08676591469540598
1037,0.0,0.08676591469540598
1090,0.0,0.08676591469540598
1145,0.0,0.08676591469540598
1204,0.0,0.08676591469540598
1265,0.0,0.08676591469540598
1330,0.0,0.08676591469540598
1397,0.0,0.08676591469540598
1469,0.0,0.08676591469540598
1544,0.0,0.08676591469540598
1623,0.0,0.08676591469540598
1705,0.0,0.08676591469540598
1792,0.0,0.08676591469540598
1884,0.0,0.08676591469540598
1980,0.0,0.08676591469540598
2081,0.0,0.08676591469540598
2187,0.0,0.08676591469540598
2299,0.0,0.08676591469540598
2416,0.0,0.08676591469540598
2540,0.0,0.08676591469540598
2669,0.0,0.08676591469540598
2805,0.0,0.08676591469540598
2949,0.0,0.08676591469540598
3099,0.0,0.08676591469540598
3257,0.0,0.08676591469540598
3424,0.0,0.08676591469540598
3598,0.0,0.08676591469540598
3782,0.0,0.08676591469540598
3975,0.0,0.08676591469540598
4178,0.0,0.08676591469540598
4391,0.0,0.08676591469540598
4615,0.0,0.08676591469540598
4850,0.0,0.08676591469540598
5098,0.0,0.08676591469540598
5358,0.0,0.08676591469540598
5632,0.0,0.08676591469540598
5919,0.0,0.08676591469540598
6221,0.0,0.08676591469540598
6538,0.0,0.08676591469540598
6872,0.0,0.08676591469540598
7223,0.0,0.08676591469540598
7591,0.0,0.08676591469540598
7979,0.0,0.08676591469540598
8386,0.0,0.08676591469540598
8814,0.0,0.08676591469540598
9264,0.0,0.08676591469540598
9736,0.0,0.08676591469540598
10233,0.058823529411764705,0.08676591469540598
10755,0.05555555555555555,0.08676591469540598
11304,0.05263157894736842,0.08676591469540598
11881,0.05263157894736842,0.08676591469540598
12487,0.05263157894736842,0.08676591469540598
13124,0.05,0.08676591469540598
13794,0.05,0.08676591469540598
14498,0.045454545454545456,0.08676591469540598
15238,0.045454545454545456,0.08676591469540598
16015,0.043478260869565216,0.08676591469540598
16832,0.08,0.08676591469540598
17691,0.07692307692307693,0.08676591469540598
18594,0.07692307692307693,0.08676591469540598
19543,0.1111111111111111,0.08676591469540598
20540,0.10714285714285714,0.08676591469540598
21588,0.1,0.08676591469540598
22690,0.09375,0.08676591469540598
23848,0.08823529411764706,0.08676591469540598
25064,0.08571428571428572,0.08676591469540598
26343,0.08108108108108109,0.08676591469540598
27688,0.10256410256410256,0.08676591469540598
29100,0.10256410256410256,0.08676591469540598
30585,0.10256410256410256,0.08676591469540598
32146,0.1,0.08676591469540598
33786,0.08888888888888889,0.08676591469540598
35510,0.10869565217391304,0.08676591469540598
37322,0.10204081632653061,0.08676591469540598
39227,0.09615384615384616,0.08676591469540598
41228,0.09615384615384616,0.08676591469540598
43332,0.09433962264150944,0.08676591469540598
45543,0.08771929824561403,0.08676591469540598
47867,0.0847457627118644,0.08676591469540598
50309,0.0847457627118644,0.08676591469540598
52876,0.078125,0.08676591469540598
55574,0.08955223880597014,0.08676591469540598
58410,0.08695652173913043,0.08676591469540598
61391,0.09859154929577464,0.08676591469540598
64523,0.10666666666666667,0.08676591469540598
67815,0.10256410256410256,0.08676591469540598
71276,0.1,0.08676591469540598
74913,0.09523809523809523,0.08676591469540598
78735,0.0898876404494382,0.08676591469540598
82753,0.08421052631578947,0.08676591469540598
86975,0.09090909090909091,0.08676591469540598
91413,0.08737864077669903,0.08676591469540598
96077,0.08333333333333333,0.08676591469540598
100980,0.08695652173913043,0.08676591469540598
106132,0.09917355371900827,0.08676591469540598
111548,0.10236220472440945,0.08676591469540598
117240,0.09923664122137404,0.08676591469540598
123222,0.09285714285714286,0.08676591469540598
129509,0.08783783783783784,0.08676591469540598
136118,0.09615384615384616,0.08676591469540598
143063,0.09876543209876543,0.08676591469540598
150363,0.10650887573964497,0.08676591469540598
158035,0.1016949152542373,0.08676591469540598
166099,0.10256410256410256,0.08676591469540598
174575,0.09950248756218906,0.08676591469540598
183482,0.1,0.08676591469540598
192845,0.09502262443438914,0.08676591469540598
202685,0.09913793103448276,0.08676591469540598
213027,0.1115702479338843,0.08676591469540598
223897,0.10843373493975904,0.08676591469540598
235321,0.11026615969581749,0.08676591469540598
247328,0.10714285714285714,0.08676591469540598
259948,0.10309278350515463,0.08676591469540598
273212,0.09803921568627451,0.08676591469540598
287153,0.09627329192546584,0.08676591469540598
301805,0.09365558912386707,0.08676591469540598
317205,0.09142857142857143,0.08676591469540598
333391,0.09090909090909091,0.08676591469540598
350402,0.08542713567839195,0.08676591469540598
368282,0.0861244019138756,0.08676591469540598
387073,0.08924485125858124,0.08676591469540598
406824,0.08971553610503283,0.08676591469540598
427582,0.08823529411764706,0.08676591469540598
449400,0.088,0.08676591469540598
472331,0.0872865275142315,0.08676591469540598
496432,0.08839779005524862,0.08676591469540598
521762,0.08665511265164645,0.08676591469540598
548386,0.08695652173913043,0.08676591469540598
576367,0.08493589743589744,0.08676591469540598
605777,0.08662613981762918,0.08676591469540598
636687,0.08608321377331421,0.08676591469540598
669174,0.08795669824086604,0.08676591469540598
703319,0.08611825192802057,0.08676591469540598
739206,0.08466257668711656,0.08676591469540598
776924,0.08073817762399077,0.08676591469540598
816567,0.0806979280261723,0.08676591469540598
858233,0.08158995815899582,0.08676591469540598
902024,0.08167330677290836,0.08676591469540598
948051,0.08090310442144873,0.08676591469540598
996425,0.08021390374331551,0.08676591469540598
1047268,0.08198121263877028,0.08676591469540598
1100706,0.08244897959183674,0.08676591469540598
1156870,0.08125,0.08676591469540598
1215899,0.08170914542728636,0.08676591469540598
1277941,0.08345221112696148,0.08676591469540598
1343149,0.08259385665529011,0.08676591469540598
1411683,0.08165910563836681,0.08676591469540598
1483715,0.08143121529919803,0.08676591469540598
1559422,0.08299240210403273,0.08676591469540598
1638993,0.08141493542953397,0.08676591469540598
1722623,0.08133971291866028,0.08676591469540598
1810520,0.08358509566968782,0.08676591469540598
1902903,0.08349146110056926,0.08676591469540598
2000000,0.08396946564885496,0.08676591469540598
